"CLICK","GRAB","ATCHECKOUT","FIXATION","FIXDURAS","FRAME","TIMESTPS","X","Y","BOUGHT","SUBJECT","IMAGEFILE","VIDEOFILE","RAWFIXATIONFILE","BAYSHELFAOI","VARIANTAOI","SIDE","BAYSHELF","BRAND","BRANDBLOCK","CATEGORY","COLOUR","SEGMENT","VARIANT"
"70","","0","280","0.1","4001","160.04","15802","3395","0","186","WW2019 Aisle 4 Base Image V7","Recording188_Participant186_00.00.00-00.29.22.mp4","P186.csv","SD2B19S1","path875-9","2","B19S1","V","B19S1-6 V","Energy","Blue","Energy Single Serve","V Forbidden Fruits Energy Drink 500ml"
"72","","0","282","0.14","4019","160.76","15686","3310","0","186","WW2019 Aisle 4 Base Image V7","Recording188_Participant186_00.00.00-00.29.22.mp4","P186.csv","SD2B19S1","path875-9","2","B19S1","V","B19S1-6 V","Energy","Blue","Energy Single Serve","V Forbidden Fruits Energy Drink 500ml"
"71","","0","281","0.18","4011","160.44","15838","3304","0","186","WW2019 Aisle 4 Base Image V7","Recording188_Participant186_00.00.00-00.29.22.mp4","P186.csv","SD2B19S1","path875-9","2","B19S1","V","B19S1-6 V","Energy","Blue","Energy Single Serve","V Forbidden Fruits Energy Drink 500ml"
"69","","0","279","0.28","3989","159.56","15504","3626","0","186","WW2019 Aisle 4 Base Image V7","Recording188_Participant186_00.00.00-00.29.22.mp4","P186.csv","SD2B19S2","path1768","2","B18S2","Red Bull","B17-19S2-5 Red Bull","Energy","Blue","Energy Single Serve","Red Bull Energy Drink 250ml"
"73","","0","283","0.3","4024","160.96","15595","3316","0","186","WW2019 Aisle 4 Base Image V7","Recording188_Participant186_00.00.00-00.29.22.mp4","P186.csv","SD2B19S1","path1730","2","B19S1","V","B19S1-6 V","Energy","Blue","Energy Single Serve","V Energy Drink Blue 500ml"
