"CLICK","GRAB","ATCHECKOUT","FIXATION","FIXDURAS","FRAME","TIMESTPS","X","Y","BOUGHT","SUBJECT","IMAGEFILE","VIDEOFILE","RAWFIXATIONFILE","BAYSHELFAOI","VARIANTAOI","SIDE","BAYSHELF","BRAND","BRANDBLOCK","CATEGORY","COLOUR","SEGMENT","VARIANT"
"39","","0","512","0.26","6616","264.64","13922","3997","0","190","WW2019 Aisle 4 Base Image V7","Recording192_Participant190_00.00.00-00.21.17.mp4","P190.csv","SD2B17S4","path1640","2","B17S4","Red Bull","B17-19S2-5 Red Bull","Energy","Blue","Energy Multi Pack","Red Bull Energy Drink 4x250ml"
"32","","0","505","0.26","6545","261.8","15007","3769","0","190","WW2019 Aisle 4 Base Image V7","Recording192_Participant190_00.00.00-00.21.17.mp4","P190.csv","SD2B18S3","path1744","2","B18S3","Red Bull","B17-19S2-5 Red Bull","Energy","Orange","Energy Single Serve","Red Bull Orange Energy Drink 250ml"
"35","","0","508","0.3","6576","263.04","13900","3983","0","190","WW2019 Aisle 4 Base Image V7","Recording192_Participant190_00.00.00-00.21.17.mp4","P190.csv","SD2B17S4","path1640","2","B17S4","Red Bull","B17-19S2-5 Red Bull","Energy","Blue","Energy Multi Pack","Red Bull Energy Drink 4x250ml"
"37","","0","510","0.2","6592","263.68","15131","3575","0","190","WW2019 Aisle 4 Base Image V7","Recording192_Participant190_00.00.00-00.21.17.mp4","P190.csv","SD2B19S2","path1768","2","B18S2","Red Bull","B17-19S2-5 Red Bull","Energy","Blue","Energy Single Serve","Red Bull Energy Drink 250ml"
"36","","0","509","0.24","6585","263.4","14999","3779","0","190","WW2019 Aisle 4 Base Image V7","Recording192_Participant190_00.00.00-00.21.17.mp4","P190.csv","SD2B18S3","path1744","2","B18S3","Red Bull","B17-19S2-5 Red Bull","Energy","Orange","Energy Single Serve","Red Bull Orange Energy Drink 250ml"
