"CLICK","GRAB","ATCHECKOUT","FIXATION","FIXDURAS","FRAME","TIMESTPS","X","Y","BOUGHT","SUBJECT","IMAGEFILE","VIDEOFILE","RAWFIXATIONFILE","BAYSHELFAOI","VARIANTAOI","SIDE","BAYSHELF","BRAND","BRANDBLOCK","CATEGORY","COLOUR","SEGMENT","VARIANT"
"32","","0","573","0.1","11763","470.52","15070","4369","0","200","WW2019 Aisle 4 Base Image V7","Recording202_Participant200_00.00.00-00.28.22.mp4","P200.csv","SD2B18S5","path1698","2","B18S5","Red Bull","B17-19S2-5 Red Bull","Energy","Blue","Energy Multi Pack","Red Bull Energy Drink Sugar Free 6x250ml"
"37","","0","579","0.14","11871","474.84","14577","3969","0","200","WW2019 Aisle 4 Base Image V7","Recording202_Participant200_00.00.00-00.28.22.mp4","P200.csv","SD2B18S4","path1640","2","B17S4","Red Bull","B17-19S2-5 Red Bull","Energy","Blue","Energy Multi Pack","Red Bull Energy Drink 4x250ml"
"38","","0","580","0.32","11882","475.28","14954","4049","0","200","WW2019 Aisle 4 Base Image V7","Recording202_Participant200_00.00.00-00.28.22.mp4","P200.csv","SD2B18S4","path1778","2","B18S4","Red Bull","B17-19S2-5 Red Bull","Energy","Black","Energy Multi Pack","Red Bull Energy Drink Zero 4x250ml"
"39","","0","581","0.16","11892","475.68","15367","4052","0","200","WW2019 Aisle 4 Base Image V7","Recording202_Participant200_00.00.00-00.28.22.mp4","P200.csv","SD2B19S4","path1782","2","B19S4","V","B19S1-6 V","Energy","Yellow","Energy Multi Pack","V Forbidden Fruits Energy Drink 250ml x4 pack"
"28","","0","567","0.16","11616","464.64","15711","4273","0","200","WW2019 Aisle 4 Base Image V7","Recording202_Participant200_00.00.00-00.28.22.mp4","P200.csv","SD2B19S5","path1026","2","B19S5","V","B19S1-6 V","Energy","Green","Energy Multi Pack","V Energy Drink 4x275ml"
"40","","0","582","0.26","11927","477.08","15124","4062","0","200","WW2019 Aisle 4 Base Image V7","Recording202_Participant200_00.00.00-00.28.22.mp4","P200.csv","SD2B19S4","path1780","2","B19S4","V","B19S1-6 V","Energy","Blue","Energy Multi Pack","V Energy Drink Blue 4x275ml"
