"CLICK","GRAB","ATCHECKOUT","FIXATION","FIXDURAS","FRAME","TIMESTPS","X","Y","BOUGHT","SUBJECT","IMAGEFILE","VIDEOFILE","RAWFIXATIONFILE","BAYSHELFAOI","VARIANTAOI","SIDE","BAYSHELF","BRAND","BRANDBLOCK","CATEGORY","COLOUR","SEGMENT","VARIANT"
"40","","0","815","0.12","10010","400.4","15178","4293","0","203","WW2019 Aisle 4 Base Image V7","Recording205_Participant203_00.00.00-00.22.40.mp4","P203.csv","SD2B19S5","path1026","2","B19S5","V","B19S1-6 V","Energy","Green","Energy Multi Pack","V Energy Drink 4x275ml"
"54","","0","840","0.14","10314","412.56","15187","3888","0","203","WW2019 Aisle 4 Base Image V7","Recording205_Participant203_00.00.00-00.22.40.mp4","P203.csv","SD2B19S3","path1746","2","B19S3","V","B19S1-6 V","Energy","Blue","Energy Single Serve","V Energy Drink Blue 250ml"
"41","","0","816","0.32","10014","400.56","15197","4313","0","203","WW2019 Aisle 4 Base Image V7","Recording205_Participant203_00.00.00-00.22.40.mp4","P203.csv","SD2B19S5","path1026","2","B19S5","V","B19S1-6 V","Energy","Green","Energy Multi Pack","V Energy Drink 4x275ml"
"42","","0","817","0.16","10023","400.92","14526","4016","0","203","WW2019 Aisle 4 Base Image V7","Recording205_Participant203_00.00.00-00.22.40.mp4","P203.csv","SD2B18S4","path1640","2","B17S4","Red Bull","B17-19S2-5 Red Bull","Energy","Blue","Energy Multi Pack","Red Bull Energy Drink 4x250ml"
