"CLICK","GRAB","ATCHECKOUT","FIXATION","FIXDURAS","FRAME","TIMESTPS","X","Y","BOUGHT","SUBJECT","IMAGEFILE","VIDEOFILE","RAWFIXATIONFILE","BAYSHELFAOI","VARIANTAOI","SIDE","BAYSHELF","BRAND","BRANDBLOCK","CATEGORY","COLOUR","SEGMENT","VARIANT"
"42","","0","2219","0.38","32688","1307.52","15592","3336","0","225","WW2019 Aisle 4 Base Image V7","Recording227_Participant225_00.00.00-00.55.17.mp4","P225.csv","SD2B19S1","path1730","2","B19S1","V","B19S1-6 V","Energy","Blue","Energy Single Serve","V Energy Drink Blue 500ml"
"40","","0","2217","0.54","32666","1306.64","14418","3908","0","225","WW2019 Aisle 4 Base Image V7","Recording227_Participant225_00.00.00-00.55.17.mp4","P225.csv","SD2B18S4","path1640","2","B17S4","Red Bull","B17-19S2-5 Red Bull","Energy","Blue","Energy Multi Pack","Red Bull Energy Drink 4x250ml"
"38","","0","2215","0.16","32655","1306.2","14655","3740","0","225","WW2019 Aisle 4 Base Image V7","Recording227_Participant225_00.00.00-00.55.17.mp4","P225.csv","SD2B18S3","path1740","2","B18S3","Red Bull","B17-19S2-5 Red Bull","Energy","Black","Energy Single Serve","Red Bull Energy Drink Zero 250ml"
"39","","0","2216","0.18","32660","1306.4","14773","3641","0","225","WW2019 Aisle 4 Base Image V7","Recording227_Participant225_00.00.00-00.55.17.mp4","P225.csv","SD2B18S2","path1756","2","B18S2","Red Bull","B17-19S2-5 Red Bull","Energy","Blue","Energy Single Serve","Red Bull Energy Drink 473ml"
"44","","0","2221","0.26","32711","1308.44","15000","3434","0","225","WW2019 Aisle 4 Base Image V7","Recording227_Participant225_00.00.00-00.55.17.mp4","P225.csv","SD2B18S2","path1768","2","B18S2","Red Bull","B17-19S2-5 Red Bull","Energy","Blue","Energy Single Serve","Red Bull Energy Drink 250ml"
"31","","0","2208","0.28","32583","1303.32","15187","4342","0","225","WW2019 Aisle 4 Base Image V7","Recording227_Participant225_00.00.00-00.55.17.mp4","P225.csv","SD2B19S5","path1026","2","B19S5","V","B19S1-6 V","Energy","Green","Energy Multi Pack","V Energy Drink 4x275ml"
