"CLICK","GRAB","ATCHECKOUT","FIXATION","FIXDURAS","FRAME","TIMESTPS","X","Y","BOUGHT","SUBJECT","IMAGEFILE","VIDEOFILE","RAWFIXATIONFILE","BAYSHELFAOI","VARIANTAOI","SIDE","BAYSHELF","BRAND","BRANDBLOCK","CATEGORY","COLOUR","SEGMENT","VARIANT"
"23","","0","1173","0.1","23150","926","15151","3807","0","257","WW2019 Aisle 4 Base Image V7","Recording260_Participant257_00.00.00-00.50.12.mp4","P257.csv","SD2B19S3","path1746","2","B19S3","V","B19S1-6 V","Energy","Blue","Energy Single Serve","V Energy Drink Blue 250ml"
"24","","0","1174","0.12","23157","926.28","14634","3803","0","257","WW2019 Aisle 4 Base Image V7","Recording260_Participant257_00.00.00-00.50.12.mp4","P257.csv","SD2B18S3","path1740","2","B18S3","Red Bull","B17-19S2-5 Red Bull","Energy","Black","Energy Single Serve","Red Bull Energy Drink Zero 250ml"
"26","","0","1176","0.14","23172","926.88","14715","4329","0","257","WW2019 Aisle 4 Base Image V7","Recording260_Participant257_00.00.00-00.50.12.mp4","P257.csv","SD2B18S5","path1642","2","B17S5","Red Bull","B17-19S2-5 Red Bull","Energy","Blue","Energy Multi Pack","Red Bull Energy Drink 6x250ml"
"25","","0","1175","0.16","23164","926.56","15146","3793","0","257","WW2019 Aisle 4 Base Image V7","Recording260_Participant257_00.00.00-00.50.12.mp4","P257.csv","SD2B19S3","path1746","2","B19S3","V","B19S1-6 V","Energy","Blue","Energy Single Serve","V Energy Drink Blue 250ml"
"16","","0","1165","0.16","23082","923.28","15844","4118","0","257","WW2019 Aisle 4 Base Image V7","Recording260_Participant257_00.00.00-00.50.12.mp4","P257.csv","SD2B19S4","path1024","2","B19S4","V","B19S1-6 V","Energy","Grey","Energy Multi Pack","V Pure Energy Drink 250ml x4 pack"
"27","","0","1177","0.2","23178","927.12","14624","3803","0","257","WW2019 Aisle 4 Base Image V7","Recording260_Participant257_00.00.00-00.50.12.mp4","P257.csv","SD2B18S3","path1740","2","B18S3","Red Bull","B17-19S2-5 Red Bull","Energy","Black","Energy Single Serve","Red Bull Energy Drink Zero 250ml"
