"CLICK","GRAB","ATCHECKOUT","FIXATION","FIXDURAS","FRAME","TIMESTPS","X","Y","BOUGHT","SUBJECT","IMAGEFILE","VIDEOFILE","RAWFIXATIONFILE","BAYSHELFAOI","VARIANTAOI","SIDE","BAYSHELF","BRAND","BRANDBLOCK","CATEGORY","COLOUR","SEGMENT","VARIANT"
"26","","0","733","0.1","10856","434.24","15428","4027","0","389","WW2019 Aisle 4 Base Image V7","Recording392_Participant389_00.00.00-00.19.13.mp4","P389.csv","SD2B19S4","path1782","2","B19S4","V","B19S1-6 V","Energy","Yellow","Energy Multi Pack","V Forbidden Fruits Energy Drink 250ml x4 pack"
"31","","0","738","0.12","10889","435.56","14447","4047","0","389","WW2019 Aisle 4 Base Image V7","Recording392_Participant389_00.00.00-00.19.13.mp4","P389.csv","SD2B18S4","path1640","2","B17S4","Red Bull","B17-19S2-5 Red Bull","Energy","Blue","Energy Multi Pack","Red Bull Energy Drink 4x250ml"
"32","","0","739","0.16","10893","435.72","14385","4049","0","389","WW2019 Aisle 4 Base Image V7","Recording392_Participant389_00.00.00-00.19.13.mp4","P389.csv","SD2B18S4","path1640","2","B17S4","Red Bull","B17-19S2-5 Red Bull","Energy","Blue","Energy Multi Pack","Red Bull Energy Drink 4x250ml"
"33","","0","740","0.16","10898","435.92","15600","4219","0","389","WW2019 Aisle 4 Base Image V7","Recording392_Participant389_00.00.00-00.19.13.mp4","P389.csv","SD2B19S5","path1026","2","B19S5","V","B19S1-6 V","Energy","Green","Energy Multi Pack","V Energy Drink 4x275ml"
"28","","0","735","0.2","10867","434.68","15179","3849","0","389","WW2019 Aisle 4 Base Image V7","Recording392_Participant389_00.00.00-00.19.13.mp4","P389.csv","SD2B19S3","path1746","2","B19S3","V","B19S1-6 V","Energy","Blue","Energy Single Serve","V Energy Drink Blue 250ml"
"27","","0","734","0.2","10860","434.4","15257","4182","0","389","WW2019 Aisle 4 Base Image V7","Recording392_Participant389_00.00.00-00.19.13.mp4","P389.csv","SD2B19S5","path1026","2","B19S5","V","B19S1-6 V","Energy","Green","Energy Multi Pack","V Energy Drink 4x275ml"
