"CLICK","GRAB","ATCHECKOUT","FIXATION","FIXDURAS","FRAME","TIMESTPS","X","Y","BOUGHT","SUBJECT","IMAGEFILE","VIDEOFILE","RAWFIXATIONFILE","BAYSHELFAOI","VARIANTAOI","SIDE","BAYSHELF","BRAND","BRANDBLOCK","CATEGORY","COLOUR","SEGMENT","VARIANT"
"47","","0","1108","0.1","16230","649.2","15354","4088","0","472","WW2019 Aisle 4 Base Image V7","Recording473_Participant472_00.00.00-01.10.00.mp4","P472.csv","SD2B19S4","path1782","2","B19S4","V","B19S1-6 V","Energy","Yellow","Energy Multi Pack","V Forbidden Fruits Energy Drink 250ml x4 pack"
"45","","0","1106","0.4","16213","648.52","15486","3973","0","472","WW2019 Aisle 4 Base Image V7","Recording473_Participant472_00.00.00-01.10.00.mp4","P472.csv","SD2B19S4","path1784","2","B19S4","V","B19S1-6 V","Energy","Purple","Energy Multi Pack","V Energy Drink Sugar Free Tropical 4x275ml"
"48","","0","1109","0.16","16233","649.32","14650","4229","0","472","WW2019 Aisle 4 Base Image V7","Recording473_Participant472_00.00.00-01.10.00.mp4","P472.csv","SD2B18S5","path1642","2","B17S5","Red Bull","B17-19S2-5 Red Bull","Energy","Blue","Energy Multi Pack","Red Bull Energy Drink 6x250ml"
"46","","0","1107","0.16","16224","648.96","15521","3819","0","472","WW2019 Aisle 4 Base Image V7","Recording473_Participant472_00.00.00-01.10.00.mp4","P472.csv","SD2B19S3","path1750","2","B19S3","V","B19S1-6 V","Energy","Green","Energy Multi Pack","V Sugar Free Energy Drink 4pk 275ml"
"44","","0","1105","0.16","16208","648.32","15525","4037","0","472","WW2019 Aisle 4 Base Image V7","Recording473_Participant472_00.00.00-01.10.00.mp4","P472.csv","SD2B19S4","path1784","2","B19S4","V","B19S1-6 V","Energy","Purple","Energy Multi Pack","V Energy Drink Sugar Free Tropical 4x275ml"
"43","","0","1104","0.2","16199","647.96","15764","4092","0","472","WW2019 Aisle 4 Base Image V7","Recording473_Participant472_00.00.00-01.10.00.mp4","P472.csv","SD2B19S4","path1024","2","B19S4","V","B19S1-6 V","Energy","Grey","Energy Multi Pack","V Pure Energy Drink 250ml x4 pack"
