"CLICK","GRAB","ATCHECKOUT","FIXATION","FIXDURAS","FRAME","TIMESTPS","X","Y","BOUGHT","SUBJECT","IMAGEFILE","VIDEOFILE","RAWFIXATIONFILE","BAYSHELFAOI","VARIANTAOI","SIDE","BAYSHELF","BRAND","BRANDBLOCK","CATEGORY","COLOUR","SEGMENT","VARIANT"
"81","","0","3290","0.1","40860","1634.4","14674","4048","0","491","WW2019 Aisle 4 Base Image V7","Recording492_Participant491_00.00.00-00.54.09.mp4","P491.csv","SD2B18S4","path1776","2","B18S4","Red Bull","B17-19S2-5 Red Bull","Energy","Blue","Energy Multi Pack","Red Bull Energy Drink Sugar Free 4x250ml"
"82","","0","3291","0.14","40869","1634.76","14674","4048","0","491","WW2019 Aisle 4 Base Image V7","Recording492_Participant491_00.00.00-00.54.09.mp4","P491.csv","SD2B18S4","path1776","2","B18S4","Red Bull","B17-19S2-5 Red Bull","Energy","Blue","Energy Multi Pack","Red Bull Energy Drink Sugar Free 4x250ml"
"83","","0","3292","0.16","40873","1634.92","14567","4036","0","491","WW2019 Aisle 4 Base Image V7","Recording492_Participant491_00.00.00-00.54.09.mp4","P491.csv","SD2B18S4","path1640","2","B17S4","Red Bull","B17-19S2-5 Red Bull","Energy","Blue","Energy Multi Pack","Red Bull Energy Drink 4x250ml"
"84","","0","3293","0.18","40879","1635.16","14456","4003","0","491","WW2019 Aisle 4 Base Image V7","Recording492_Participant491_00.00.00-00.54.09.mp4","P491.csv","SD2B18S4","path1640","2","B17S4","Red Bull","B17-19S2-5 Red Bull","Energy","Blue","Energy Multi Pack","Red Bull Energy Drink 4x250ml"
